{"cameraMode":{"drawMode":0,"name":"Shaded","section":"Shading Mode"},"sceneLighting":true,"audioPlay":false,"sceneViewState":{"showFog":true,"showMaterialUpdate":false,"showSkybox":true,"showFlares":true,"showImageEffects":true,"showParticleSystems":true},"in2DMode":false,"pivot":{"x":-0.9557361602783203,"y":-2.019542694091797,"z":-2.3974218368530275},"rotation":{"x":-0.4166382849216461,"y":0.5544873476028442,"z":-0.3759426772594452,"w":-0.614510715007782},"size":43.21200180053711,"orthographic":false}