{"cameraMode":{"drawMode":0,"name":"Shaded","section":"Shading Mode"},"sceneLighting":true,"audioPlay":false,"sceneViewState":{"showFog":true,"showMaterialUpdate":false,"showSkybox":true,"showFlares":true,"showImageEffects":true,"showParticleSystems":true},"in2DMode":false,"pivot":{"x":10.173812866210938,"y":0.571319580078125,"z":-16.736005783081056},"rotation":{"x":-0.09865110367536545,"y":0.8886380791664124,"z":-0.38602888584136965,"w":-0.2270950973033905},"size":43.964874267578128,"orthographic":false}