{"cameraMode":{"drawMode":0,"name":"Shaded","section":"Shading Mode"},"sceneLighting":false,"audioPlay":false,"sceneViewState":{"showFog":true,"showMaterialUpdate":false,"showSkybox":true,"showFlares":true,"showImageEffects":true,"showParticleSystems":true},"in2DMode":false,"pivot":{"x":5.960464477539063e-8,"y":1.0,"z":-1.1920928955078126e-7},"rotation":{"x":0.00020728239906020463,"y":0.7263419032096863,"z":-0.6873335242271423,"w":0.00021905174071434885},"size":4.041658401489258,"orthographic":false}