{"cameraMode":{"drawMode":0,"name":"Shaded","section":"Shading Mode"},"sceneLighting":true,"audioPlay":false,"sceneViewState":{"showFog":true,"showMaterialUpdate":false,"showSkybox":true,"showFlares":true,"showImageEffects":true,"showParticleSystems":true},"in2DMode":false,"pivot":{"x":-4.905691146850586,"y":4.487318992614746,"z":-7.790131568908691},"rotation":{"x":0.22396115958690644,"y":0.731377899646759,"z":-0.2830950617790222,"w":0.5786060094833374},"size":18.43665313720703,"orthographic":false}