{"cameraMode":{"drawMode":0,"name":"Shaded","section":"Shading Mode"},"sceneLighting":true,"audioPlay":false,"sceneViewState":{"showFog":true,"showMaterialUpdate":false,"showSkybox":true,"showFlares":true,"showImageEffects":true,"showParticleSystems":true},"in2DMode":false,"pivot":{"x":-4.502938270568848,"y":37.787078857421878,"z":7.856088638305664},"rotation":{"x":-0.47661030292510989,"y":-0.5224976539611816,"z":0.4783443212509155,"w":-0.520601212978363},"size":27.610042572021486,"orthographic":false}