{"cameraMode":{"drawMode":0,"name":"Shaded","section":"Shading Mode"},"sceneLighting":false,"audioPlay":false,"sceneViewState":{"showFog":true,"showMaterialUpdate":false,"showSkybox":true,"showFlares":true,"showImageEffects":true,"showParticleSystems":true},"in2DMode":false,"pivot":{"x":0.022427082061767579,"y":0.47194337844848635,"z":1.0695112943649293},"rotation":{"x":-0.3319493234157562,"y":0.6029909253120422,"z":-0.30388402938842776,"w":-0.6586851477622986},"size":11.947543144226075,"orthographic":false}