{"cameraMode":{"drawMode":0,"name":"Shaded","section":"Shading Mode"},"sceneLighting":true,"audioPlay":false,"sceneViewState":{"showFog":true,"showMaterialUpdate":false,"showSkybox":true,"showFlares":true,"showImageEffects":true,"showParticleSystems":true},"in2DMode":false,"pivot":{"x":-0.0470694899559021,"y":7.94854736328125,"z":15.030705451965332},"rotation":{"x":-0.4845064878463745,"y":0.005772600881755352,"z":-0.0031968983821570875,"w":-0.8747628331184387},"size":44.24662399291992,"orthographic":false}