{"cameraMode":{"drawMode":0,"name":"Shaded","section":"Shading Mode"},"sceneLighting":true,"audioPlay":false,"sceneViewState":{"showFog":true,"showMaterialUpdate":false,"showSkybox":true,"showFlares":true,"showImageEffects":true,"showParticleSystems":true},"in2DMode":false,"pivot":{"x":5.807558536529541,"y":6.885693073272705,"z":-17.85126495361328},"rotation":{"x":-0.20045344531536103,"y":0.7934597730636597,"z":-0.3475162088871002,"w":-0.4576815962791443},"size":5.811049938201904,"orthographic":false}