{"cameraMode":{"drawMode":0,"name":"Shaded","section":"Shading Mode"},"sceneLighting":false,"audioPlay":false,"sceneViewState":{"showFog":true,"showMaterialUpdate":false,"showSkybox":true,"showFlares":true,"showImageEffects":true,"showParticleSystems":true},"in2DMode":false,"pivot":{"x":-1.9691743850708008,"y":0.5628471374511719,"z":0.8688138127326965},"rotation":{"x":-0.04642805829644203,"y":0.9154824018478394,"z":-0.1106758788228035,"w":-0.3840407729148865},"size":12.192595481872559,"orthographic":false}