{"cameraMode":{"drawMode":0,"name":"Shaded","section":"Shading Mode"},"sceneLighting":true,"audioPlay":false,"sceneViewState":{"showFog":true,"showMaterialUpdate":false,"showSkybox":true,"showFlares":true,"showImageEffects":true,"showParticleSystems":true},"in2DMode":false,"pivot":{"x":1.0768616199493409,"y":-1.0235087871551514,"z":1.1787831783294678},"rotation":{"x":-0.04642805829644203,"y":0.9154824018478394,"z":-0.1106758788228035,"w":-0.3840407729148865},"size":4.935551643371582,"orthographic":false}