{"cameraMode":{"drawMode":0,"name":"Shaded","section":"Shading Mode"},"sceneLighting":false,"audioPlay":false,"sceneViewState":{"showFog":true,"showMaterialUpdate":false,"showSkybox":true,"showFlares":true,"showImageEffects":true,"showParticleSystems":true},"in2DMode":false,"pivot":{"x":-0.31060540676116946,"y":1.1565616130828858,"z":-16.100500106811525},"rotation":{"x":-0.10492037236690521,"y":0.8949066400527954,"z":-0.3158673346042633,"w":-0.29725706577301028},"size":4.041658401489258,"orthographic":false}