{"cameraMode":{"drawMode":0,"name":"Shaded","section":"Shading Mode"},"sceneLighting":true,"audioPlay":false,"sceneViewState":{"showFog":true,"showMaterialUpdate":false,"showSkybox":true,"showFlares":true,"showImageEffects":true,"showParticleSystems":true},"in2DMode":false,"pivot":{"x":1.0457954406738282,"y":-4.164651870727539,"z":-5.283668518066406},"rotation":{"x":0.4084644615650177,"y":0.5263745188713074,"z":-0.31897613406181338,"w":0.674048125743866},"size":33.01083755493164,"orthographic":false}